{
  "$schema": "https://schema.tauri.app/config/2",
  "productName": "virtual-switch-hosts",
  "version": "0.1.0",
  "identifier": "com.virtual-switch-hosts.app",
  "build": {
    "beforeDevCommand": "pnpm dev",
    "devUrl": "http://localhost:1420",
    "beforeBuildCommand": "pnpm build",
    "frontendDist": "../dist"
  },
  "app": {
    "windows": [
      {
        "title": "virtual-switch-hosts",
        "width": 800,
        "height": 600
      }
    ],
    "security": {
      "csp": null
    }
  },
  "bundle": {
    "active": true,
    "targets": "all",
    "icon": ["icons/32x32.png", "icons/128x128.png", "icons/128x128@2x.png", "icons/icon.icns", "icons/icon.ico"]
  }
}
